City_ID,City,Country,Lat,Lng,Max Temp,Humidity,Cloudiness,Wind Speed,Current Description
0,Lebu,CL,-37.6167,-73.65,59.02,76,56,11.99,broken clouds
1,Nelson Bay,AU,-32.7167,152.15,60.01,77,11,6.91,few clouds
2,San Vicente,AR,-26.6167,-54.1333,76.1,59,100,1.05,moderate rain
3,Vaini,TO,-21.2,-175.2,75.2,88,20,5.75,few clouds
4,Kruisfontein,ZA,-34.0033,24.7314,64.99,84,100,1.99,overcast clouds
5,Rikitea,PF,-23.1203,-134.9692,77.94,74,74,7.94,light rain
6,Montepuez,MZ,-13.1256,38.9997,66.2,97,16,3.47,few clouds
7,Albany,US,42.6001,-73.9662,52.0,78,100,7.43,moderate rain
8,Ushuaia,AR,-54.8,-68.3,53.6,32,20,5.75,few clouds
9,Hasaki,JP,35.7333,140.8333,41.0,93,20,5.75,few clouds
10,Saint-Philippe,RE,-21.3585,55.7679,75.2,83,0,4.61,light rain
11,Baruun-Urt,MN,46.6806,113.2792,25.16,54,98,13.6,overcast clouds
12,Ribeira Grande,PT,38.5167,-28.7,64.4,82,75,6.91,broken clouds
13,Mastung,PK,29.7994,66.845,53.47,69,100,2.17,overcast clouds
14,Punta Arenas,CL,-53.15,-70.9167,53.6,62,75,14.97,broken clouds
15,Bredasdorp,ZA,-34.5322,20.0403,62.6,72,11,10.36,few clouds
16,Port Elizabeth,ZA,-33.918,25.5701,62.6,88,90,8.05,overcast clouds
17,Plettenberg Bay,ZA,-34.0527,23.3716,62.91,80,100,6.58,light rain
18,Thunder Bay,CA,48.4001,-89.3168,51.8,32,75,10.36,broken clouds
19,Mataura,NZ,-46.1927,168.8643,50.0,95,74,1.01,moderate rain
20,Baykit,RU,61.67,96.37,38.21,98,100,13.69,light rain
21,Torbay,CA,47.6666,-52.7314,34.0,100,90,16.11,light snow
22,Kyren,RU,51.6828,102.1408,23.05,68,24,1.74,few clouds
23,Thompson,CA,55.7435,-97.8558,42.8,26,75,3.44,broken clouds
24,Moose Factory,CA,51.2585,-80.6094,33.8,86,90,11.5,overcast clouds
25,Chuy,UY,-33.6971,-53.4616,69.03,87,100,4.56,overcast clouds
26,Lidkoping,SE,58.5052,13.1577,41.0,81,99,4.61,overcast clouds
27,Busselton,AU,-33.65,115.3333,55.99,94,56,8.68,broken clouds
28,Pisco,PE,-13.7,-76.2167,69.8,78,0,10.36,clear sky
29,Warri,NG,5.5167,5.75,79.9,88,76,5.75,broken clouds
30,Butaritari,KI,3.0707,172.7902,82.22,74,100,9.22,overcast clouds
31,Puerto Ayora,EC,-0.7393,-90.3518,80.01,89,75,8.05,light rain
32,Brazzaville,CG,-4.2658,15.2832,75.2,94,20,3.44,light rain
33,Honavar,IN,14.2833,74.45,81.97,78,50,3.71,scattered clouds
34,Castro,BR,-24.7911,-50.0119,67.93,69,83,6.22,broken clouds
35,Pevek,RU,69.7008,170.3133,18.99,77,100,23.02,overcast clouds
36,Provideniya,RU,64.3833,-173.3,14.0,79,75,6.71,broken clouds
37,Cape Town,ZA,-33.9258,18.4232,66.2,72,0,18.41,clear sky
38,Nioro,GM,13.35,-15.75,84.83,35,100,12.1,overcast clouds
39,Jamestown,US,42.097,-79.2353,44.01,60,90,17.27,overcast clouds
40,Mawlaik,MM,23.6333,94.4167,78.37,29,100,1.39,overcast clouds
41,Qasigiannguit,GL,68.8193,-51.1922,12.2,67,75,9.22,broken clouds
42,Lorengau,PG,-2.0226,147.2712,80.56,78,100,6.64,overcast clouds
43,Akyab,MM,20.15,92.9,80.96,79,100,4.54,overcast clouds
44,Taunggyi,MM,20.7833,97.0333,66.22,49,79,3.49,broken clouds
45,Asau,RO,46.4333,26.4,39.99,46,16,2.68,few clouds
46,Hailar,CN,49.2,119.7,28.58,84,100,16.98,snow
47,Port Macquarie,AU,-31.4333,152.9167,57.0,92,5,12.66,clear sky
48,Arraial Do Cabo,BR,-22.9661,-42.0278,80.6,65,20,11.5,few clouds
49,Hobart,AU,-42.8794,147.3294,44.6,65,40,5.75,scattered clouds
50,Yellowknife,CA,62.456,-114.3525,41.0,48,20,14.97,few clouds
51,Maudaha,IN,25.6833,80.1167,88.25,18,4,9.24,clear sky
52,Kaeo,NZ,-35.1,173.7833,55.0,96,11,1.99,few clouds
53,Gorontalo,ID,0.5412,123.0595,73.6,93,100,2.13,overcast clouds
54,Chapais,CA,49.7834,-74.8492,62.6,17,20,12.66,few clouds
55,Avarua,CK,-21.2078,-159.775,80.6,78,75,6.91,broken clouds
56,Severo-Kurilsk,RU,50.6789,156.125,28.63,67,35,17.52,scattered clouds
57,Lumby,CA,50.2498,-118.969,66.99,25,1,3.44,clear sky
58,Nanortalik,GL,60.1432,-45.2371,27.77,73,28,40.09,scattered clouds
59,Constitucion,CL,-35.3333,-72.4167,66.63,62,6,14.45,clear sky
60,Hokitika,NZ,-42.7167,170.9667,55.67,86,50,2.71,scattered clouds
61,Hilo,US,19.7297,-155.09,73.99,68,90,4.61,light rain
62,Bathsheba,BB,13.2167,-59.5167,84.2,61,75,17.27,broken clouds
63,Vaitape,PF,-16.5167,-151.75,82.2,74,20,14.12,few clouds
64,Tuktoyaktuk,CA,69.4541,-133.0374,19.4,93,90,17.27,light snow
65,Kholodnyy,RU,62.7167,147.95,-8.5,100,100,0.29,overcast clouds
66,Soavinandriana,MG,-19.1667,46.7333,59.63,95,100,3.22,moderate rain
67,North Bend,US,43.4065,-124.2243,72.0,58,1,9.22,clear sky
68,Port-Gentil,GA,-0.7193,8.7815,82.4,83,20,6.91,few clouds
69,Olinda,BR,-8.0089,-34.8553,75.2,88,75,5.75,broken clouds
70,Kodiak,US,57.79,-152.4072,37.4,87,90,8.05,moderate rain
71,Saint-Denis,FR,48.9167,2.3333,46.99,53,0,6.91,clear sky
72,Victoria,HK,22.2855,114.1577,73.0,94,100,1.99,overcast clouds
73,Maniitsoq,GL,65.4167,-52.9,15.98,71,94,27.89,overcast clouds
74,Georgetown,MY,5.4112,100.3354,80.6,89,20,4.61,few clouds
75,Port Alfred,ZA,-33.5906,26.891,67.66,55,98,23.98,overcast clouds
76,Lavrentiya,RU,65.5833,-171.0,13.42,91,61,5.57,broken clouds
77,Coihaique,CL,-45.5752,-72.0662,55.4,58,75,3.44,broken clouds
78,Husavik,IS,66.0449,-17.3389,50.0,66,40,24.16,scattered clouds
79,General Pico,AR,-35.6566,-63.7568,77.9,52,0,6.15,clear sky
80,Rehoboth,NA,-23.3167,17.0833,68.52,28,58,8.63,broken clouds
81,East London,ZA,-33.0153,27.9116,64.4,88,75,17.27,light rain
82,Qaanaaq,GL,77.484,-69.3632,1.53,75,9,3.22,clear sky
83,Guerrero Negro,MX,27.9769,-114.0611,65.79,50,94,17.65,overcast clouds
84,Tiksi,RU,71.6872,128.8694,-5.21,100,94,2.48,overcast clouds
85,Havelock,US,34.8791,-76.9013,72.0,64,90,11.5,light rain
86,Shambu,ET,9.5667,37.1,60.82,52,87,4.16,overcast clouds
87,Sola,VU,-13.8833,167.55,78.8,94,20,14.5,few clouds
88,Muncar,ID,-8.4333,114.3333,75.07,89,64,1.66,broken clouds
89,Prado,BR,-17.3411,-39.2208,77.34,61,59,11.39,broken clouds
90,Kapaa,US,22.0752,-159.319,77.0,65,40,9.22,scattered clouds
91,Bethel,US,41.3712,-73.414,50.0,96,100,3.0,moderate rain
92,Grootfontein,NA,-19.5667,18.1167,53.6,76,88,5.28,overcast clouds
93,Mahebourg,MU,-20.4081,57.7,77.0,94,75,8.05,moderate rain
94,Mar Del Plata,AR,-38.0023,-57.5575,75.2,57,40,8.05,scattered clouds
95,Atuona,PF,-9.8,-139.0333,81.16,66,35,19.15,scattered clouds
96,Airai,TL,-8.9266,125.4092,56.32,78,84,2.28,broken clouds
97,Agadir,MA,30.4202,-9.5982,68.0,68,20,23.02,few clouds
98,Maturin,VE,9.75,-63.1767,87.3,54,94,7.87,overcast clouds
99,Tahta,EG,26.7693,31.5021,77.0,16,0,8.05,clear sky
100,Khatanga,RU,71.9667,102.5,9.68,94,100,12.64,light snow
101,Tromso,NO,69.6496,18.957,37.4,87,75,18.41,broken clouds
102,Carnarvon,AU,-24.8667,113.6333,73.94,29,0,15.39,clear sky
103,Bluff,NZ,-46.6,168.3333,50.0,95,78,1.01,light rain
104,Barcelos,PT,41.5388,-8.6151,64.99,82,0,5.75,clear sky
105,Port Blair,IN,11.6667,92.75,82.24,74,99,5.26,overcast clouds
106,Longyearbyen,SJ,78.2186,15.6401,23.0,68,75,14.97,broken clouds
107,Seoul,KR,37.5683,126.9778,50.0,53,90,2.3,light rain
108,Hermanus,ZA,-34.4187,19.2345,66.0,76,11,5.99,few clouds
109,Kaitangata,NZ,-46.2817,169.8464,52.0,90,28,1.99,scattered clouds
110,Saskylakh,RU,71.9167,114.0833,-13.85,100,95,5.64,overcast clouds
111,Oskarshamn,SE,57.2645,16.4484,37.99,74,91,5.99,overcast clouds
112,Cidreira,BR,-30.1811,-50.2056,73.29,69,100,13.04,overcast clouds
113,Huancavelica,PE,-12.7667,-74.9833,48.65,56,77,7.61,broken clouds
114,Atherton,GB,53.5237,-2.4935,48.0,59,82,1.01,broken clouds
115,Griffith,US,41.5284,-87.4237,54.0,54,40,5.75,scattered clouds
116,Haines Junction,CA,60.7522,-137.5108,41.0,48,87,5.75,overcast clouds
117,Nikolskoye,RU,59.7035,30.7861,42.8,33,0,8.95,clear sky
118,Inirida,CO,3.8653,-67.9239,81.39,80,99,2.98,overcast clouds
119,Bundaberg,AU,-24.85,152.35,64.99,94,2,4.61,clear sky
120,Dikson,RU,73.5069,80.5464,-10.16,95,100,17.87,overcast clouds
121,Touros,BR,-5.1989,-35.4608,84.2,74,40,12.66,scattered clouds
122,Paamiut,GL,61.994,-49.6678,22.59,71,99,38.45,overcast clouds
123,Lompoc,US,34.6391,-120.4579,62.01,72,2,14.97,haze
124,Kikwit,CD,-5.041,18.8162,74.28,80,48,2.19,scattered clouds
125,Beihai,CN,21.4833,109.1,76.46,88,53,12.59,broken clouds
126,Mackay,AU,-21.15,149.2,64.4,94,2,5.75,clear sky
127,Henties Bay,NA,-22.116,14.2845,76.73,52,37,4.9,scattered clouds
128,Rutana,BI,-3.8667,30.1,57.65,93,72,1.99,broken clouds
129,Sao Joao Da Barra,BR,-21.6403,-41.0511,78.8,57,40,10.36,scattered clouds
130,Klaksvik,FO,62.2266,-6.589,44.6,100,90,16.11,overcast clouds
131,Dabat,ET,12.9842,37.765,64.24,34,98,0.83,overcast clouds
132,Tilichiki,RU,60.4667,166.1,33.67,93,100,21.14,overcast clouds
133,Ayna,PE,-12.65,-73.9167,73.4,35,20,3.44,few clouds
134,Grindavik,IS,63.8424,-22.4338,46.4,100,90,29.93,mist
135,Dauriya,RU,49.9333,116.8667,29.71,36,100,9.64,overcast clouds
136,Namibe,AO,-15.1961,12.1522,80.44,81,8,8.1,clear sky
137,Sinnamary,GF,5.3833,-52.95,80.01,83,97,15.21,overcast clouds
138,Atar,MR,20.5169,-13.0499,96.8,15,0,11.5,clear sky
139,Sabang,ID,5.8933,95.3214,83.46,70,79,7.99,broken clouds
140,Lamu,KE,-2.2717,40.902,81.05,81,91,10.22,overcast clouds
141,Svetlyy,RU,54.675,20.1347,46.4,66,90,15.66,overcast clouds
142,Nalut,LY,30.3333,10.85,82.26,17,44,20.65,scattered clouds
143,Souillac,MU,-20.5167,57.5167,77.0,94,75,8.05,moderate rain
144,Clyde River,CA,70.4692,-68.5914,6.8,72,20,25.32,snow
145,Chokurdakh,RU,70.6333,147.9167,-20.85,100,65,1.28,broken clouds
146,New Norfolk,AU,-42.7826,147.0587,44.01,85,45,3.38,scattered clouds
147,Vardo,NO,70.3705,31.1107,30.2,86,75,5.75,light snow
148,Hithadhoo,MV,-0.6,73.0833,82.36,69,57,4.7,broken clouds
149,Honiara,SB,-9.4333,159.95,77.38,83,9,2.95,clear sky
150,Faanui,PF,-16.4833,-151.75,82.2,74,21,14.16,few clouds
151,Mana,GF,5.6592,-53.7767,81.41,78,80,12.33,broken clouds
152,Geraldton,AU,-28.7667,114.6,64.4,52,2,17.27,clear sky
153,Marrakesh,MA,31.6315,-8.0083,66.2,68,75,10.36,broken clouds
154,Vilhena,BR,-12.7406,-60.1458,78.8,83,75,3.44,heavy intensity rain
155,Xiongzhou,CN,25.1167,114.3,64.92,96,88,3.2,light rain
156,Ulladulla,AU,-35.35,150.4667,57.2,54,96,10.36,overcast clouds
157,Tucson,US,32.2217,-110.9265,79.0,13,20,11.5,few clouds
158,Bogande,BF,12.9714,-0.1436,95.41,13,81,5.06,broken clouds
159,Salalah,OM,17.0151,54.0924,80.6,78,0,5.75,clear sky
160,Flinders,AU,-34.5833,150.8552,60.01,54,43,10.36,scattered clouds
161,Rudnogorsk,RU,57.2639,103.7519,26.76,86,100,12.55,overcast clouds
162,Guasdualito,VE,7.2424,-70.7324,88.93,52,100,1.05,overcast clouds
163,Barrow,US,71.2906,-156.7887,10.4,79,1,6.91,clear sky
164,Manicore,BR,-5.8092,-61.3003,83.84,81,100,1.74,overcast clouds
165,Antalaha,MG,-14.9003,50.2788,75.38,90,23,3.53,light rain
166,Piacabucu,BR,-10.4056,-36.4344,78.48,80,100,7.02,light rain
167,Salekhard,RU,66.53,66.6019,9.09,91,98,7.18,overcast clouds
168,Cherskiy,RU,68.75,161.3,16.3,94,100,6.13,light snow
169,Honningsvag,NO,70.9821,25.9704,37.4,81,75,21.85,light rain
170,Acarau,BR,-2.8856,-40.12,81.52,79,92,12.19,moderate rain
171,Rokytne,UA,51.2796,27.214,44.74,97,100,5.17,overcast clouds
172,Golden,US,39.7555,-105.2211,37.4,70,90,9.22,overcast clouds
173,Sisimiut,GL,66.9395,-53.6735,9.37,77,100,22.21,overcast clouds
174,Lamont,US,35.2597,-118.9143,75.99,34,0,5.99,clear sky
175,Flin Flon,CA,54.7682,-101.865,44.6,36,75,6.91,broken clouds
176,Solnechnogorsk,RU,56.1833,36.9833,51.8,62,0,17.9,clear sky
177,The Valley,AI,18.217,-63.0578,84.2,57,20,10.36,few clouds
178,Hobyo,SO,5.3505,48.5268,82.45,64,44,11.92,scattered clouds
179,Katsuura,JP,35.1333,140.3,52.0,66,75,9.22,broken clouds
180,Narsaq,GL,60.9167,-46.05,35.6,44,75,14.97,broken clouds
181,Bozeman,US,45.6796,-111.0386,41.0,56,75,6.91,broken clouds
182,Esperance,AU,-33.8667,121.9,51.8,93,13,5.75,few clouds
183,Sibiti,CG,-3.6819,13.3499,66.78,97,100,5.01,moderate rain
184,Vila Velha,BR,-20.3297,-40.2925,82.0,65,0,12.66,clear sky
185,Bandarbeyla,SO,9.4942,50.8122,80.8,78,43,8.72,scattered clouds
186,Marawi,PH,7.9986,124.2928,75.99,91,100,1.99,light rain
187,Praia,CV,14.9215,-23.5087,73.4,68,75,23.02,broken clouds
188,Montanha,BR,-18.1269,-40.3633,75.56,59,100,9.42,overcast clouds
189,Norman Wells,CA,65.282,-126.8329,41.0,60,75,3.44,broken clouds
190,Cabo San Lucas,MX,22.8909,-109.9124,84.0,44,20,9.22,few clouds
191,Mecca,SA,21.4267,39.8261,82.51,44,100,2.19,overcast clouds
192,Roma,US,43.2128,-75.4557,42.8,81,90,10.36,moderate rain
193,Mazara Del Vallo,IT,37.6641,12.588,55.4,100,75,5.75,broken clouds
194,Kontagora,NG,10.3999,5.4695,90.14,23,38,3.71,scattered clouds
195,Rio Grande,BR,-32.035,-52.0986,69.8,88,75,1.81,light rain
196,Maldonado,UY,-34.6667,-54.9167,73.4,78,40,4.61,scattered clouds
197,Kwinana,AU,-32.25,115.7667,59.0,82,73,5.75,broken clouds
198,Upernavik,GL,72.7868,-56.1549,-3.75,87,100,1.95,overcast clouds
199,Olafsvik,IS,64.8945,-23.7142,44.35,97,100,20.51,overcast clouds
200,Gimbi,ET,9.1667,35.8333,66.18,31,71,4.41,broken clouds
201,Bambous Virieux,MU,-20.3428,57.7575,78.01,94,75,8.05,moderate rain
202,Tuatapere,NZ,-46.1333,167.6833,50.0,95,100,1.01,light rain
203,Akureyri,IS,65.6835,-18.0878,50.0,66,40,24.16,scattered clouds
204,Meulaboh,ID,4.1363,96.1285,78.96,81,100,2.68,light rain
205,Sorland,NO,67.667,12.6934,41.0,87,40,3.44,scattered clouds
206,Ixtapa,MX,20.7,-105.2,80.6,65,1,10.36,clear sky
207,Fukue,JP,32.6881,128.8419,60.31,80,100,16.91,overcast clouds
208,North Bay,CA,46.3168,-79.4663,48.99,76,90,9.22,overcast clouds
209,Kavieng,PG,-2.5744,150.7967,80.06,81,100,7.0,light rain
210,Rodez,FR,44.5,2.5833,44.6,39,0,11.5,clear sky
211,Nouadhibou,MR,20.931,-17.0347,69.8,68,0,21.85,clear sky
212,Derby,GB,52.9228,-1.4766,42.8,52,0,5.75,clear sky
213,Tezu,IN,27.9167,96.1667,74.62,42,100,3.76,overcast clouds
214,Balve,DE,51.3333,7.8667,42.8,45,0,3.44,clear sky
215,Anloga,GH,5.7947,0.8973,84.2,79,20,12.66,few clouds
216,Tan An,VN,10.5333,106.4167,82.4,83,40,4.61,scattered clouds
217,Vila,PT,42.0304,-8.1588,66.2,48,0,8.05,clear sky
218,Leningradskiy,RU,69.3833,178.4167,21.31,89,100,8.7,light snow
219,Novopistsovo,RU,57.3218,41.8531,43.36,84,100,14.5,overcast clouds
220,Churapcha,RU,62.0025,132.4325,13.64,97,99,4.27,light snow
221,Santa Luzia,BR,-19.7697,-43.8514,78.8,44,20,8.05,few clouds
222,Caravelas,BR,-17.7125,-39.2481,77.63,59,98,10.51,overcast clouds
223,Medea,DZ,36.2642,2.7539,57.2,94,75,19.57,broken clouds
224,Broome,US,42.2506,-75.833,45.0,85,100,4.0,light rain
225,Dillon,US,34.4166,-79.3712,72.0,82,90,3.44,overcast clouds
226,Wahlstedt,DE,53.95,10.2167,44.6,53,0,8.05,clear sky
227,Inzhavino,RU,52.3185,42.4937,52.47,84,100,6.73,overcast clouds
228,Saiki,JP,32.95,131.9,52.09,77,17,4.97,few clouds
229,Saint George,US,37.1041,-113.5841,68.0,16,20,19.57,few clouds
230,Chicama,PE,-7.8447,-79.1469,68.0,83,94,8.05,overcast clouds
231,Bengkulu,ID,-3.8004,102.2655,73.72,90,100,5.32,overcast clouds
232,Nushki,PK,29.5542,66.0215,66.61,48,95,6.82,overcast clouds
233,Nanfeng,CN,23.7434,111.7959,70.61,97,100,2.35,light rain
234,Eldorado,BR,-23.7869,-54.2836,79.65,54,5,8.25,clear sky
235,Kitimat,CA,54.0524,-128.6534,63.0,52,84,2.66,broken clouds
236,Penzance,GB,50.1186,-5.5371,46.0,65,3,11.5,clear sky
237,Port Lincoln,AU,-34.7333,135.8667,57.99,83,10,5.17,clear sky
238,Fairbanks,US,64.8378,-147.7164,42.8,65,40,1.41,scattered clouds
239,Pervomayskoye,RU,43.919,46.7102,55.31,49,49,7.56,scattered clouds
240,Ouadda,CF,8.0777,22.4007,74.01,12,2,3.96,clear sky
241,Creel,MX,27.75,-107.6333,69.94,9,85,22.06,overcast clouds
242,Samarai,PG,-10.6167,150.6667,79.81,81,99,0.74,overcast clouds
243,Athabasca,CA,54.7169,-113.2854,57.2,28,1,3.44,clear sky
244,Badiraguato,MX,25.3667,-107.5167,86.0,45,40,5.75,scattered clouds
245,Sibolga,ID,1.7427,98.7792,75.99,88,78,3.24,broken clouds
246,Deputatskiy,RU,69.3,139.9,-16.8,95,91,4.59,overcast clouds
247,Road Town,VG,18.4167,-64.6167,82.4,54,20,8.05,few clouds
248,Pak Phanang,TH,8.3511,100.202,80.64,78,51,4.38,broken clouds
249,Moron,AR,-34.6534,-58.6198,78.8,53,40,3.44,scattered clouds
250,Aklavik,CA,68.2191,-135.0107,19.4,73,90,11.5,light snow
251,Chapleau,CA,47.8405,-83.4034,33.8,86,90,14.97,light snow
252,Yarega,RU,63.4354,53.5765,29.82,80,8,5.41,clear sky
253,Kilindoni,TZ,-7.9139,39.6668,79.97,80,100,12.77,light rain
254,San Martin,AR,-33.081,-68.4681,82.4,32,0,6.91,clear sky
255,Nabire,ID,-3.3667,135.4833,74.53,88,96,4.09,overcast clouds
256,Krasnoselkup,RU,65.7,82.4667,7.14,90,100,18.99,overcast clouds
257,Ossora,RU,59.2353,163.0719,32.43,98,100,8.01,light snow
258,Ijuin,JP,31.6167,130.4,56.07,72,100,7.16,overcast clouds
259,Kavaratti,IN,10.5669,72.642,83.95,71,4,6.69,clear sky
260,Codrington,AU,-38.2667,141.9667,54.59,56,100,9.46,overcast clouds
261,Gwadar,PK,25.1216,62.3254,81.14,73,63,8.79,broken clouds
262,Mokhotlong,LS,-29.2894,29.0675,50.49,52,17,1.45,few clouds
263,Najran,SA,17.4924,44.1277,84.2,20,83,4.61,dust
264,Vanimo,PG,-2.6741,141.3028,76.6,89,83,4.12,broken clouds
265,Zaporizhzhya,UA,47.8167,35.1833,46.4,93,75,11.18,broken clouds
266,Juterbog,DE,51.9833,13.0833,37.99,68,100,5.99,light rain
267,Ketchikan,US,55.3422,-131.6461,48.2,76,1,12.66,clear sky
268,Khuzhir,RU,53.1939,107.3397,24.06,82,83,7.09,broken clouds
269,Zhengjiatun,CN,43.5064,123.5064,42.75,74,100,24.79,overcast clouds
270,Morgan City,US,29.6994,-91.2068,73.0,78,90,16.11,overcast clouds
271,Luba,GQ,3.4568,8.5547,80.6,94,20,5.75,few clouds
272,Panguna,PG,-6.3164,155.4848,69.01,95,65,2.01,broken clouds
273,Topolobampo,MX,25.6,-109.05,90.0,36,40,8.05,scattered clouds
274,San Patricio,US,28.017,-97.5169,75.2,100,90,19.57,mist
275,Puerto Leguizamo,CO,-0.1934,-74.7819,83.86,70,100,1.77,light rain
276,Ankazobe,MG,-18.3167,47.1167,62.6,94,75,5.75,light rain
277,Ginda,IN,30.6945,78.4932,56.39,39,98,7.87,overcast clouds
278,Lumut,MY,4.2323,100.6298,77.0,94,20,3.27,few clouds
279,Saint-Georges,GD,12.0564,-61.7485,86.0,70,75,21.85,broken clouds
280,Port Said,EG,31.2565,32.2841,64.4,88,0,11.5,clear sky
281,Amiens,FR,49.9,2.3,41.0,75,0,8.05,clear sky
282,Kabansk,RU,52.0486,106.6528,30.2,74,40,17.9,scattered clouds
283,Buchanan,LR,5.8808,-10.0467,82.4,83,20,5.75,few clouds
284,Saint-Pierre,RE,-21.3393,55.4781,75.2,83,0,4.61,clear sky
285,Hong Gai,VN,20.956,107.0946,77.0,100,75,5.75,light rain
286,Milkovo,RU,54.7167,158.6167,33.17,97,100,5.03,light snow
287,Awjilah,LY,29.1081,21.2869,76.69,18,99,9.95,overcast clouds
288,Fomboni,KM,-12.28,43.7425,82.71,70,21,5.35,few clouds
289,Port Moresby,PG,-9.4431,147.1797,75.2,100,75,3.44,broken clouds
290,Visby,SE,57.6409,18.296,37.99,75,94,13.8,overcast clouds
291,Pingzhuang,CN,42.0372,119.2889,38.14,43,19,18.77,few clouds
292,General Roca,AR,-39.0333,-67.5833,77.0,36,0,6.91,clear sky
293,Yulara,AU,-25.2406,130.9889,60.8,88,90,5.75,overcast clouds
294,Nantucket,US,41.2835,-70.0995,46.4,76,90,20.71,overcast clouds
295,Chengde,CN,40.9725,117.9361,41.34,33,1,17.31,clear sky
296,Balkhash,KZ,46.844,74.9804,49.86,45,0,14.18,clear sky
297,Luderitz,NA,-26.6481,15.1594,77.38,32,64,7.45,broken clouds
298,Ponte De Sor,PT,39.2496,-8.0101,64.99,73,95,1.45,overcast clouds
299,Durban,ZA,-29.8579,31.0292,75.0,88,75,4.61,broken clouds
300,Balrampur,IN,27.4333,82.1833,81.9,15,21,5.46,few clouds
301,Dunedin,NZ,-45.8742,170.5036,52.0,80,55,1.83,light rain
302,Khuzdar,PK,27.7384,66.6434,66.24,51,59,1.39,broken clouds
303,Zarichne,UA,51.8126,26.129,43.93,94,100,8.01,overcast clouds
304,Iberia,US,29.9502,-91.7507,73.4,73,75,11.5,broken clouds
305,Pemangkat,ID,1.1667,108.9667,77.02,86,78,4.29,broken clouds
306,Jaru,BR,-10.4389,-62.4664,84.65,74,82,0.27,broken clouds
307,Kununurra,AU,-15.7667,128.7333,66.2,94,99,1.77,overcast clouds
308,Reconquista,AR,-29.15,-59.65,76.14,76,90,7.38,moderate rain
309,Senno,RU,59.5336,33.9167,36.18,83,77,8.23,broken clouds
310,Khandyga,RU,62.6667,135.6,5.83,97,100,2.95,overcast clouds
311,Doha,QA,25.2867,51.5333,78.8,31,0,9.22,clear sky
312,Vanavara,RU,60.34,102.2797,29.71,95,100,16.51,snow
313,Tianpeng,CN,30.9866,103.9393,59.0,1,100,6.78,overcast clouds
314,Redmond,US,47.674,-122.1215,70.0,38,0,5.61,clear sky
315,San Cristobal,VE,7.7669,-72.225,87.8,58,40,9.22,scattered clouds
316,Balkanabat,TM,39.5108,54.3671,70.36,28,88,5.57,overcast clouds
317,Ushtobe,KZ,45.2514,77.9838,50.97,35,0,9.57,clear sky
318,Borazjan,IR,29.2666,51.2159,73.4,68,0,11.5,clear sky
319,Tasiilaq,GL,65.6145,-37.6368,30.2,86,90,19.57,snow
320,Mae Hong Son,TH,19.3003,97.9685,76.41,70,17,1.48,few clouds
321,Rawson,AR,-43.3002,-65.1023,67.48,28,0,6.46,clear sky
322,Gat,IL,31.61,34.7642,69.01,64,100,5.03,overcast clouds
323,Tambura,SS,5.6,27.4667,73.11,74,28,3.87,scattered clouds
324,Beloha,MG,-25.1667,45.05,72.05,92,0,5.23,clear sky
325,Pedernales,DO,18.0384,-71.744,81.5,63,3,7.02,clear sky
326,Guliston,UZ,40.4897,68.7842,61.63,41,12,2.51,few clouds
327,Nzerekore,GN,7.7562,-8.8179,74.28,71,99,2.13,overcast clouds
328,Thessalon,CA,46.2501,-83.5666,41.0,87,90,6.91,overcast clouds
329,Ambon,ID,-3.6954,128.1814,79.0,92,100,6.85,overcast clouds
330,Pacific Grove,US,36.6177,-121.9166,59.0,63,1,8.05,clear sky
331,Vostok,RU,46.4856,135.8833,27.34,71,100,4.76,overcast clouds
332,Dongsheng,CN,39.8161,109.9776,36.07,23,3,21.3,clear sky
333,Constantine,DZ,36.365,6.6147,53.6,94,75,11.5,broken clouds
334,Kalemie,CD,-5.9475,29.1947,71.33,87,100,2.91,light rain
335,South Venice,US,27.0531,-82.4243,80.01,73,20,10.36,few clouds
336,Sao Filipe,CV,14.8961,-24.4956,73.45,73,0,16.96,clear sky
337,Pozarevac,RS,44.6153,21.1825,39.99,87,90,2.3,overcast clouds
338,Pauini,BR,-7.7136,-66.9764,89.78,52,88,2.3,overcast clouds
339,Heishan,CN,41.6892,122.1128,44.19,68,18,13.56,few clouds
340,Leh,IN,34.1667,77.5833,35.28,73,87,4.56,light snow
341,Ayan,RU,56.45,138.1667,16.75,77,37,9.69,scattered clouds
342,Komsomolskiy,UZ,40.4272,71.7189,60.8,51,100,2.3,overcast clouds
343,Tessalit,ML,20.1986,1.0114,93.2,7,69,7.78,broken clouds
344,Ndele,CF,8.4109,20.6473,81.63,10,5,3.69,clear sky
345,Praia Da Vitoria,PT,38.7333,-27.0667,68.0,68,20,3.27,few clouds
346,Waipawa,NZ,-41.4122,175.5153,60.8,67,2,11.5,clear sky
347,Marienburg,PL,54.0359,19.0266,41.0,90,100,11.74,light rain
348,Aden,YE,12.7794,45.0367,80.78,74,0,16.13,clear sky
349,Brae,GB,60.3964,-1.353,44.6,76,100,8.05,overcast clouds
350,Darnah,LY,32.767,22.6367,59.38,74,24,10.85,few clouds
351,Shimoda,JP,34.6667,138.95,51.01,58,100,4.0,overcast clouds
352,Jacksonville,US,30.3322,-81.6556,80.6,44,90,19.57,moderate rain
353,Talnakh,RU,69.4865,88.3972,-6.52,93,100,21.41,overcast clouds
354,Antofagasta,CL,-23.65,-70.4,66.2,59,20,9.22,few clouds
355,Anyang,CN,36.0994,114.3289,49.12,19,93,0.76,overcast clouds
356,Bilibino,RU,68.0546,166.4372,10.06,88,100,3.6,overcast clouds
357,Erenhot,CN,43.6475,111.9767,32.34,41,55,8.86,broken clouds
358,Namangan,UZ,40.9983,71.6726,60.8,51,78,2.3,broken clouds
359,Inhambane,MZ,-23.865,35.3833,71.6,83,0,5.84,clear sky
360,Laguna,US,38.421,-121.4238,71.01,39,1,5.75,clear sky
361,Kirakira,SB,-10.4544,161.9205,79.93,84,36,5.14,scattered clouds
362,Biak,ID,-0.9131,122.8766,75.0,82,100,4.9,light rain
363,Neuquen,AR,-38.9516,-68.0591,77.0,36,0,6.91,clear sky
364,Ponta Do Sol,PT,32.6667,-17.1,64.4,72,40,11.5,scattered clouds
365,Gushikawa,JP,26.3544,127.8686,68.0,83,75,3.44,broken clouds
366,Kudahuvadhoo,MV,2.6708,72.8944,82.62,68,63,8.43,broken clouds
367,Casian,PH,11.035,119.7136,81.07,79,100,3.71,overcast clouds
368,Kodinsk,RU,58.6881,99.1844,33.66,95,100,13.8,snow
369,Big Rapids,US,43.6981,-85.4837,39.99,87,90,10.36,overcast clouds
370,Ancud,CL,-41.8697,-73.8203,63.0,59,20,4.61,few clouds
371,Tautira,PF,-17.7333,-149.15,86.0,62,40,17.27,light rain
372,Bereda,ES,43.2686,-7.5406,46.0,82,2,11.99,clear sky
373,Maningrida,AU,-12.0667,134.2667,74.77,88,87,7.2,overcast clouds
374,Kamina,CD,-8.7386,24.9906,64.81,91,100,2.19,overcast clouds
375,Lima,PE,-12.0432,-77.0282,71.6,68,97,9.22,overcast clouds
376,Mount Isa,AU,-20.7333,139.5,75.2,17,0,10.36,light rain
377,Mnogovershinnyy,RU,53.9353,139.9242,10.9,89,9,4.09,clear sky
378,Mariental,NA,-24.6333,17.9667,75.16,20,40,12.46,scattered clouds
379,Port Hardy,CA,50.6996,-127.4199,50.0,66,1,5.75,clear sky
380,Kahului,US,20.8947,-156.47,78.8,61,20,16.11,few clouds
381,Kavali,IN,14.9167,79.9833,80.1,77,70,7.92,broken clouds
382,Talas,TR,38.6908,35.5538,50.0,57,40,6.91,scattered clouds
383,Nome,US,64.5011,-165.4064,21.99,93,1,4.61,clear sky
384,Vysokogornyy,RU,50.1167,139.15,6.78,92,16,1.5,few clouds
385,Hofn,IS,64.2539,-15.2082,45.05,97,100,26.33,heavy intensity rain
386,Shostka,UA,51.863,33.4698,48.61,77,79,3.02,broken clouds
387,Gamba,GA,-2.65,10.0,79.74,87,100,6.22,light rain
388,Yaroslavskiy,RU,44.1683,132.2072,44.35,75,83,17.4,broken clouds
389,Daman,IN,20.4167,72.85,81.43,67,0,5.28,clear sky
390,Tura,IN,25.5198,90.2201,77.27,44,100,5.46,overcast clouds
391,Kimbe,PG,-5.5502,150.1429,75.4,91,99,2.98,overcast clouds
392,Voh,NC,-20.9667,164.7,74.97,90,99,3.11,overcast clouds
393,Berlevag,NO,70.8578,29.0864,30.2,93,75,9.22,light snow
394,Nogliki,RU,51.8333,143.1667,19.45,90,12,8.93,few clouds
395,Causapscal,CA,48.3542,-67.227,53.26,30,10,11.54,clear sky
396,Coracora,PE,-15.0333,-73.7833,62.17,48,52,10.38,broken clouds
397,Sulangan,PH,11.1373,123.7228,81.45,81,100,13.87,overcast clouds
398,Boa Vista,BR,2.8197,-60.6733,77.0,88,90,5.75,moderate rain
399,Bud,US,39.447,-86.1758,52.0,59,86,13.53,overcast clouds
400,Bojnurd,IR,37.4747,57.329,57.2,62,0,3.74,clear sky
401,Hutchinson,US,38.0608,-97.9298,57.2,35,90,5.75,overcast clouds
402,Taoudenni,ML,22.6783,-3.9836,88.59,9,0,10.42,clear sky
403,Anadyr,RU,64.75,177.4833,19.4,73,20,17.9,snow
404,Vao,NC,-22.6667,167.4833,74.88,83,100,19.93,light rain
405,Vonitsa,GR,38.9164,20.8864,55.4,67,20,11.5,few clouds
406,Taseyevo,RU,57.2169,94.8978,38.07,89,100,12.15,overcast clouds
407,Bowen,AU,-20.0167,148.2333,68.0,88,40,5.75,scattered clouds
408,Saint-Francois,FR,46.4154,3.9054,41.0,52,0,6.91,clear sky
409,Punta De Bombon,PE,-17.1717,-71.7931,69.73,76,37,7.38,scattered clouds
410,Bristol,US,41.8334,-71.1662,54.0,37,90,10.36,overcast clouds
411,Tema,GH,5.667,-0.0166,84.2,79,40,11.5,scattered clouds
412,Mariel,CU,22.9875,-82.7536,86.0,48,20,9.22,few clouds
413,Mandera,KE,3.9366,41.867,86.79,49,75,9.48,broken clouds
414,Korla,CN,41.7597,86.1469,57.49,30,86,9.37,overcast clouds
415,Cheremisinovo,RU,51.8855,37.2646,50.0,71,0,2.24,clear sky
416,Locri,IT,38.2414,16.2623,55.4,82,90,5.75,overcast clouds
417,Cordele,US,31.9635,-83.7824,68.0,82,90,6.91,overcast clouds
418,Hirara,JP,24.8,125.2833,73.53,83,95,16.98,overcast clouds
419,Yaan,NG,7.3833,8.5667,85.14,51,29,5.73,scattered clouds
420,Sitka,US,57.0531,-135.33,42.8,87,75,3.44,broken clouds
421,Brainerd,US,46.358,-94.2008,44.6,61,90,8.05,overcast clouds
422,Oranjemund,NA,-28.55,16.4333,68.25,58,16,0.69,few clouds
423,La Sarre,CA,48.8002,-79.1996,50.47,75,100,13.02,overcast clouds
424,Cortez,US,37.3489,-108.5859,60.8,17,1,19.57,clear sky
425,Bayonet Point,US,28.3267,-82.6834,77.0,69,100,1.01,overcast clouds
426,Capim Grosso,BR,-11.3811,-40.0128,81.91,48,99,12.66,overcast clouds
427,Los Llanos De Aridane,ES,28.6585,-17.9182,68.0,73,40,23.02,scattered clouds
428,Coxim,BR,-18.5067,-54.76,96.35,24,47,7.11,scattered clouds
429,Dolni Poustevna,CZ,50.9825,14.2868,33.01,75,100,3.0,light snow
430,Almaznyy,RU,48.0448,40.045,48.2,93,0,2.24,clear sky
431,Gerash,IR,27.6652,54.1371,73.4,27,0,5.79,clear sky
432,Labuhan Deli,ID,3.7278,98.6738,77.0,100,40,4.61,scattered clouds
433,Nemuro,JP,43.3236,145.575,36.05,69,0,6.6,clear sky
434,Rosario Oeste,BR,-14.8361,-56.4275,83.59,70,83,2.84,broken clouds
435,Lazaro Cardenas,MX,17.9583,-102.2,85.51,48,0,11.36,clear sky
436,Almaty,KZ,43.25,76.95,55.4,50,40,4.47,scattered clouds
437,Ilulissat,GL,69.2167,-51.1,12.2,67,75,9.22,broken clouds
438,Esmeralda,CU,21.8525,-78.1169,91.4,31,20,5.75,few clouds
439,Tran,BG,42.8353,22.6517,37.4,60,0,6.91,clear sky
440,Xingyi,CN,24.1877,102.817,58.71,51,49,4.23,scattered clouds
441,Dinard,FR,48.6314,-2.0614,45.0,65,0,16.11,clear sky
442,Kralendijk,BQ,12.15,-68.2667,84.2,74,90,21.85,overcast clouds
443,Choszczno,PL,53.169,15.4205,39.99,85,100,8.99,light rain
444,Pangnirtung,CA,66.1451,-65.7125,3.2,66,20,11.5,few clouds
445,Forssa,FI,60.8146,23.6215,32.0,76,0,4.7,clear sky
446,Peniche,PT,39.3558,-9.3811,63.0,86,5,3.0,clear sky
447,Hearst,CA,49.6835,-83.6665,28.4,93,100,10.36,light snow
448,Romny,UA,50.751,33.4747,47.71,84,100,5.12,light rain
449,Hamilton,US,39.1834,-84.5333,55.0,40,75,12.66,broken clouds
450,Saint-Augustin,CA,51.226,-58.6502,37.08,81,98,15.1,overcast clouds
451,Byron Bay,AU,-28.65,153.6167,60.01,94,40,1.14,scattered clouds
452,Eidfjord,NO,60.4675,7.0719,12.99,84,33,6.22,scattered clouds
453,Portland,US,45.5234,-122.6762,72.0,30,0,1.99,clear sky
454,Ko Samui,TH,9.5357,99.9357,84.49,67,75,1.34,broken clouds
455,Sokoni,TZ,-6.4333,39.55,80.6,83,40,17.27,scattered clouds
456,Drumheller,CA,51.4617,-112.7101,59.0,23,0,2.3,clear sky
457,Buala,SB,-8.145,159.5921,79.56,81,10,2.13,clear sky
458,Rogovatoye,RU,51.23,38.3818,49.17,81,86,5.57,light rain
459,Bijawar,IN,24.6333,79.5,84.87,23,4,13.8,clear sky
460,Lagoa,PT,39.05,-27.9833,62.89,80,35,4.61,scattered clouds
461,Omaruru,NA,-21.4333,15.9333,69.96,36,50,3.89,scattered clouds
462,Zhigansk,RU,66.7697,123.3711,12.43,96,98,8.61,overcast clouds
463,Cayenne,GF,4.9333,-52.3333,82.4,78,75,11.5,light rain
464,Beringovskiy,RU,63.05,179.3167,26.24,93,100,12.68,overcast clouds
465,Tirodi,IN,21.6833,79.7,77.0,35,3,3.18,clear sky
466,Presidencia Roque Saenz Pena,AR,-26.7852,-60.4388,76.95,75,96,6.85,light rain
467,Clemson,US,34.6834,-82.8374,75.0,28,1,10.36,clear sky
468,Yenagoa,NG,4.9247,6.2642,79.97,88,100,4.54,overcast clouds
469,Saint-Leu,RE,-21.15,55.2833,77.0,78,0,5.75,clear sky
470,Alyangula,AU,-13.8483,136.4192,71.6,100,23,4.76,few clouds
471,Frankfort,ZA,-27.2667,28.4833,63.81,34,5,6.98,clear sky
472,Kendari,ID,-3.945,122.4989,73.44,92,100,2.73,overcast clouds
473,Havre-Saint-Pierre,CA,50.2334,-63.5986,39.2,75,1,14.97,clear sky
474,Kawambwa,ZM,-9.7915,29.0791,62.2,94,99,4.23,light rain
475,Cockburn Town,TC,21.4612,-71.1419,78.8,53,20,6.91,few clouds
476,Along,IN,28.1667,94.7667,65.46,79,100,2.89,moderate rain
477,Aban,RU,56.67,96.06,35.91,91,99,14.23,overcast clouds
478,Orsha,BY,54.5153,30.4053,49.24,89,98,15.26,overcast clouds
479,Benbrook,US,32.6732,-97.4606,61.0,67,90,9.22,moderate rain
480,Labuhan,ID,-6.8844,112.2051,76.75,87,86,5.37,overcast clouds
481,Kloulklubed,PW,7.0419,134.2556,75.2,94,90,39.12,heavy intensity rain
482,Mahanoro,MG,-19.9,48.8,75.76,86,98,3.36,overcast clouds
483,Iqaluit,CA,63.7506,-68.5145,6.8,72,75,20.71,broken clouds
484,Rocha,UY,-34.4833,-54.3333,70.43,82,35,8.05,scattered clouds
485,Ardakan,IR,32.31,54.0175,71.6,28,0,9.22,clear sky
486,Trairi,BR,-3.2778,-39.2689,81.19,79,100,10.96,overcast clouds
487,Burgeo,CA,47.6167,-57.6152,42.78,65,100,4.72,overcast clouds
488,Russell,US,32.3502,-85.1999,73.4,68,90,4.61,overcast clouds
489,Ahipara,NZ,-35.1667,173.1667,62.51,82,1,6.06,clear sky
490,Suixi,CN,33.8907,116.7747,50.86,67,57,8.9,broken clouds
491,Sakakah,SA,29.9697,40.2064,75.2,12,0,10.36,clear sky
492,Grand Gaube,MU,-20.0064,57.6608,78.01,86,76,5.99,light rain
493,Knappskog,NO,60.3819,5.0558,42.8,61,0,0.51,clear sky
494,Svetlogorsk,BY,52.6333,29.7333,44.82,94,63,6.11,broken clouds
495,Arlit,NE,18.7369,7.3853,88.59,6,4,3.67,clear sky
496,Ursulo Galvan,MX,22.7333,-98.3,90.0,74,75,6.91,broken clouds
497,Tarakan,ID,3.3,117.6333,77.0,94,40,4.61,scattered clouds
498,Mapiri,BO,-15.25,-68.1667,80.49,68,76,2.19,broken clouds
499,Forestville,US,38.8451,-76.875,64.4,39,75,13.8,broken clouds
500,Shihezi,CN,44.3,86.0333,54.25,24,0,6.35,clear sky
501,Newport,GB,51.5877,-2.9984,45.0,52,20,6.91,few clouds
502,Muros,ES,42.7762,-9.0603,63.0,51,7,1.99,clear sky
503,Chinsali,ZM,-10.5414,32.0816,62.65,87,100,7.45,overcast clouds
504,Dingle,PH,10.9995,122.6711,76.32,89,100,5.06,moderate rain
505,Mehamn,NO,71.0357,27.8492,33.8,93,75,14.97,light snow
506,Dindori,IN,22.95,81.0833,71.35,40,39,4.38,scattered clouds
507,Prata,BR,-19.3072,-48.9242,84.49,36,88,5.59,overcast clouds
508,Arman,RU,59.7,150.1667,19.44,90,100,5.59,overcast clouds
509,Baisha,CN,26.5222,110.9311,60.37,98,100,0.11,light rain
510,Chor,PK,25.5167,69.7667,80.71,57,29,14.58,scattered clouds
511,Bainbridge,US,47.6262,-122.5212,70.0,39,1,5.75,clear sky
512,Marsh Harbour,BS,26.5412,-77.0636,74.79,61,5,10.87,clear sky
513,Batticaloa,LK,7.7102,81.6924,77.43,87,100,4.21,overcast clouds
514,Etchoropo,MX,26.7667,-109.6667,91.99,29,95,13.04,overcast clouds
515,Banjar,ID,-8.19,114.9675,78.8,94,40,4.61,scattered clouds
516,Margherita,IN,27.2833,95.6833,73.89,57,100,2.46,overcast clouds
517,Jiehu,CN,35.5428,118.455,49.75,49,88,6.35,overcast clouds
518,Dzilam Gonzalez,MX,21.2833,-88.9333,100.89,25,4,3.42,clear sky
519,Casteltermini,IT,37.5405,13.6445,51.01,91,100,3.98,overcast clouds
520,Padang,ID,-0.9492,100.3543,76.64,83,100,2.28,overcast clouds
521,Sereflikochisar,TR,38.9393,33.5386,58.24,47,75,5.95,broken clouds
522,Magistralnyy,RU,56.1725,107.4458,23.83,87,100,5.06,overcast clouds
523,Batagay-Alyta,RU,67.8006,130.4114,-12.5,94,68,6.04,broken clouds
524,Batemans Bay,AU,-35.7167,150.1833,57.0,77,51,3.0,broken clouds
525,Alta Floresta,BR,-9.8756,-56.0861,89.6,58,40,3.44,scattered clouds
526,Monkey Bay,MW,-14.0728,34.9201,73.96,68,87,11.81,overcast clouds
527,Marsa Matruh,EG,31.3525,27.2453,66.2,59,0,9.22,clear sky
528,Sorong,ID,-0.8833,131.25,79.43,82,100,10.78,overcast clouds
529,Horsham,GB,51.064,-0.3272,42.01,70,0,6.91,clear sky
530,Pesochnoye,RU,58.006,39.1772,44.06,78,100,10.94,overcast clouds
531,Daru,PG,-9.0763,143.2092,77.45,86,46,10.25,scattered clouds
532,Bima,ID,-8.4667,118.7167,73.99,90,97,3.18,overcast clouds
533,Sayyan,YE,15.1718,44.3244,63.52,27,31,3.62,scattered clouds
534,La Ronge,CA,55.1001,-105.2842,51.8,34,1,10.36,clear sky
535,Magole,TZ,-6.3667,37.3667,75.2,88,20,0.18,few clouds
536,Phan Thiet,VN,10.9333,108.1,77.59,84,45,2.73,scattered clouds
537,Nago,JP,26.5881,127.9761,68.0,83,75,3.44,broken clouds
538,Kholmogory,RU,64.2229,41.656,35.6,55,20,4.47,light rain
539,Lewisporte,CA,49.2499,-55.0482,33.8,69,75,25.32,broken clouds
540,Tecolutla,MX,20.4833,-97.0167,91.4,55,75,11.54,haze
541,San Rafael,AR,-34.6177,-68.3301,75.94,28,0,3.94,clear sky
542,Acapulco,MX,16.8634,-99.8901,86.0,66,40,10.36,scattered clouds
543,Gravdal,NO,68.1214,13.5031,41.0,87,40,3.44,scattered clouds
544,Adrar,MR,20.5022,-10.0711,83.05,18,23,10.63,few clouds
545,Isangel,VU,-19.55,169.2667,79.16,85,10,5.41,clear sky
546,Fort Frances,CA,48.5999,-93.4003,48.2,49,1,11.5,clear sky
547,Ryotsu,JP,38.0833,138.4333,47.7,61,100,6.64,overcast clouds
548,Caucaia,BR,-3.7361,-38.6531,84.99,74,40,11.5,scattered clouds
549,Denpasar,ID,-8.65,115.2167,78.8,94,40,4.61,scattered clouds
550,Mogadishu,SO,2.0371,45.3438,82.4,72,98,14.79,overcast clouds
551,Saldanha,ZA,-33.0117,17.9442,66.51,74,24,15.82,few clouds
552,Lastoursville,GA,-0.8143,12.7287,73.69,97,100,2.35,moderate rain
553,Vestmannaeyjar,IS,63.4427,-20.2734,46.78,95,100,31.88,overcast clouds
554,Laukaa,RU,58.7372,29.8453,39.18,71,99,10.16,overcast clouds
555,Olovyannaya,RU,50.95,115.5667,27.79,39,17,6.62,few clouds
556,Soe,ID,-9.8607,124.284,61.0,77,81,4.16,broken clouds
557,Ostrovnoy,RU,68.0531,39.5131,24.39,92,97,4.68,overcast clouds
558,Voyvozh,RU,62.892,54.9635,29.46,78,7,6.87,clear sky
559,Kant,IN,27.8,79.8,84.25,13,61,6.44,broken clouds
560,Medveditskiy,RU,50.7852,44.7129,55.94,55,100,3.56,overcast clouds
561,Lhokseumawe,ID,5.1801,97.1507,78.22,84,68,4.38,broken clouds
562,Tahoua,NE,14.8888,5.2692,96.8,7,0,4.61,clear sky
563,Coronado,US,32.6859,-117.1831,66.0,48,75,12.66,broken clouds
564,Kirensk,RU,57.7853,108.1119,26.42,84,100,10.69,overcast clouds
565,Boromo,BF,11.75,-2.9333,98.15,18,36,0.36,scattered clouds
566,Ulcinj,ME,41.9294,19.2244,48.2,57,20,3.44,few clouds
567,Srednekolymsk,RU,67.45,153.6833,7.61,94,100,5.03,overcast clouds
568,Los Gatos,US,37.2266,-121.9747,72.0,37,1,4.61,clear sky
569,Yar-Sale,RU,66.8333,70.8333,-0.45,88,52,15.14,broken clouds
570,Agboville,CI,5.928,-4.2132,74.91,93,98,4.03,light rain
571,Sompeta,IN,18.9333,84.6,83.32,60,80,10.31,broken clouds
572,Traverse City,US,44.7631,-85.6206,39.2,87,90,14.97,overcast clouds
573,Sao Lourenco,BR,-22.1164,-45.0544,69.94,74,97,1.14,overcast clouds
574,Aranos,NA,-24.1333,19.1167,73.8,19,6,9.15,clear sky
575,Stuttgart,DE,48.7823,9.177,39.99,60,20,6.91,few clouds
576,Albanel,CA,48.8832,-72.4487,64.4,24,49,8.05,scattered clouds
577,Pilar,BR,-9.5972,-35.9567,80.6,78,20,8.05,few clouds
578,Staryy Nadym,RU,65.6118,72.6842,10.89,86,98,20.11,overcast clouds
579,Tornio,FI,65.8481,24.1466,32.0,86,0,3.44,clear sky
580,Mirandola,IT,44.8868,11.0662,46.0,78,7,1.01,clear sky
581,Grants,US,35.1473,-107.8514,64.4,7,1,23.02,clear sky
582,Dinguiraye,GN,11.3,-10.7167,92.82,24,85,2.57,overcast clouds
583,Saint Anthony,US,45.0205,-93.218,50.0,57,75,10.36,broken clouds
584,Qui Nhon,VN,13.7667,109.2333,79.3,77,96,6.33,overcast clouds
585,Ondjiva,AO,-17.0667,15.7333,68.59,42,4,7.23,clear sky
586,Balotra,IN,25.8333,72.2333,82.65,41,80,8.86,broken clouds
587,Cedar City,US,37.6775,-113.0619,46.99,56,75,4.61,broken clouds
588,Hay River,CA,60.8156,-115.7999,53.6,35,59,10.36,broken clouds
589,Shchelkun,RU,56.3034,60.9483,46.4,57,0,4.47,clear sky
590,Erdenet,MN,49.0333,104.0833,18.23,80,19,3.6,few clouds
591,Bambanglipuro,ID,-7.95,110.2833,75.92,87,96,2.3,overcast clouds
592,Klyuchi,RU,52.2667,79.1667,49.53,76,5,6.15,clear sky
593,Garden City,US,42.3256,-83.331,48.2,61,75,10.36,broken clouds
594,Nizwa,OM,22.9333,57.5333,82.08,18,0,1.36,clear sky
595,Nanuque,BR,-17.8392,-40.3539,75.96,61,100,10.0,overcast clouds
596,Esso,RU,55.9333,158.7,25.93,95,100,4.18,snow
597,Yanam,IN,16.7333,82.2167,75.83,87,7,2.46,clear sky
598,Luau,AO,-10.7073,22.2247,64.69,93,100,3.13,overcast clouds
599,Altay,CN,47.8667,88.1167,42.51,39,0,6.49,clear sky
600,Cheney,US,47.4874,-117.5758,66.0,25,20,14.97,few clouds
601,Lachi,PK,33.3833,71.3386,66.2,77,75,6.91,light rain
602,Faya,SA,18.3851,42.4509,66.2,48,40,11.5,scattered clouds
603,Porto Nacional,BR,-10.7081,-48.4172,86.0,70,40,8.05,scattered clouds
604,Qaqortoq,GL,60.7167,-46.0333,35.6,44,75,14.97,broken clouds
605,Pozo Colorado,PY,-23.4923,-58.7972,96.57,25,70,4.9,broken clouds
606,Belaya Gora,RU,68.5333,146.4167,-14.57,100,100,1.39,overcast clouds
607,Lakhimpur,IN,27.95,80.7667,81.79,14,41,6.49,scattered clouds
608,Miyako,JP,39.6367,141.9525,41.34,64,100,4.61,overcast clouds
609,Aswan,EG,24.0934,32.907,80.13,12,0,10.02,clear sky
610,Bubaque,GW,11.2833,-15.8333,77.45,73,43,17.52,scattered clouds
611,Carutapera,BR,-1.195,-46.02,78.93,90,100,7.7,light rain
612,Springbok,ZA,-29.6643,17.8865,77.4,21,86,5.46,overcast clouds
613,Abilene,US,32.4487,-99.7331,57.2,94,90,5.75,moderate rain
614,Puerto Berrio,CO,6.4916,-74.4033,94.14,44,78,1.61,broken clouds
615,Shiyan,CN,32.6475,110.7781,58.59,50,100,4.85,light rain
616,Quelimane,MZ,-17.8786,36.8883,77.0,83,20,4.61,few clouds
617,Abha,SA,18.2164,42.5053,66.2,48,40,11.5,scattered clouds
618,Mathbaria,BD,22.2876,89.9593,81.18,75,100,11.79,overcast clouds
619,Alofi,NU,-19.0595,-169.9187,75.2,88,23,1.14,few clouds
620,Merauke,ID,-8.4667,140.3333,77.04,86,47,10.47,scattered clouds
621,Terney,RU,45.0503,136.6092,36.57,67,100,2.3,overcast clouds
622,Larsnes,NO,62.2028,5.5773,41.0,81,0,1.14,clear sky
623,Patti,IN,31.2808,74.8572,73.4,53,75,17.27,smoke
624,Salinopolis,BR,-0.6136,-47.3561,80.6,84,99,11.18,moderate rain
625,Vallenar,CL,-28.5708,-70.7581,81.57,34,75,8.3,broken clouds
626,Aosta,IT,45.7667,7.4167,39.99,63,100,3.0,snow
627,Ajdabiya,LY,30.7554,20.2263,67.14,53,16,7.18,few clouds
628,Seminole,US,28.7086,-81.2081,86.0,45,40,16.11,scattered clouds
629,Makakilo City,US,21.3469,-158.0858,78.8,57,1,8.05,clear sky
630,Kualakapuas,ID,-3.0091,114.3876,75.2,100,75,2.3,broken clouds
631,Changde,CN,29.0464,111.6783,61.03,89,72,0.87,light rain
632,Thinadhoo,MV,0.5333,72.9333,82.92,67,48,7.72,scattered clouds
633,Japura,ID,-0.3167,102.35,72.97,98,100,3.2,overcast clouds
634,Akhnur,IN,32.8667,74.7333,73.4,53,40,4.61,smoke
635,Comodoro Rivadavia,AR,-45.8667,-67.5,69.8,30,0,12.66,clear sky
636,Hvolsvollur,IS,63.7533,-20.2243,46.99,99,100,23.0,overcast clouds
637,Gamboula,CF,4.1178,15.1393,75.7,63,1,3.22,clear sky
638,Fortuna,US,40.5982,-124.1573,62.01,72,1,12.66,clear sky
639,Gold Coast,AU,-28.0,153.4333,64.99,82,4,4.61,clear sky
640,Kotaparh,IN,19.15,82.35,73.27,52,7,2.57,clear sky
641,Pirenopolis,BR,-15.8525,-48.9592,80.6,47,40,5.75,scattered clouds
642,Chardara,KZ,41.2547,67.9692,62.06,49,33,9.64,scattered clouds
643,Vandra,EE,58.6481,25.0361,39.0,53,90,3.0,overcast clouds
644,Tanete,ID,-3.9443,119.7848,73.22,94,99,2.42,overcast clouds
645,Jining,CN,35.405,116.5814,47.52,19,94,8.12,overcast clouds
646,Kizilskoye,RU,52.7255,58.8937,48.9,60,31,2.75,scattered clouds
647,Nybro,SE,56.7446,15.9071,39.2,65,91,10.36,overcast clouds
648,Kuching,MY,1.55,110.3333,75.2,94,20,2.3,few clouds
649,Luganville,VU,-15.5333,167.1667,81.23,76,40,6.13,scattered clouds
650,Kropotkin,RU,45.4375,40.5756,50.59,82,57,6.76,broken clouds
651,Taian,CN,36.1853,117.12,46.56,30,33,5.46,scattered clouds
652,Viedma,AR,-40.8135,-62.9967,68.86,49,0,10.45,clear sky
653,Sangar,RU,63.9242,127.4739,1.36,99,92,2.04,overcast clouds
654,Dilla,ET,6.41,38.31,64.11,87,100,1.39,light rain
655,Camargo,MX,27.6667,-105.1667,86.67,6,100,13.04,overcast clouds
656,Tocopilla,CL,-22.092,-70.1979,69.17,69,20,6.49,few clouds
657,Waddan,LY,29.1614,16.139,75.94,19,68,15.32,broken clouds
658,Phalaborwa,ZA,-23.943,31.1411,73.4,68,6,4.61,clear sky
659,Brive-La-Gaillarde,FR,45.25,1.5,42.01,18,5,3.0,clear sky
660,Mitu,CO,1.1983,-70.1733,80.74,83,94,1.74,overcast clouds
661,Gizo,SB,-8.103,156.8419,82.27,77,89,7.38,overcast clouds
662,Texistepeque,SV,14.1333,-89.5,86.0,58,75,4.0,broken clouds
663,Vale,GE,41.6156,42.8722,44.71,78,85,1.28,overcast clouds
664,Nyrob,RU,60.733,56.7202,28.4,90,8,3.74,clear sky
665,Machali,CL,-34.1833,-70.6667,77.0,38,0,9.22,clear sky
666,Koutsouras,GR,35.0339,25.9469,62.02,73,100,4.5,overcast clouds
667,Werda,BW,-25.2667,23.2833,76.71,27,6,4.56,clear sky
668,Durres,AL,41.3231,19.4414,46.4,76,0,6.35,clear sky
669,Lianzhou,CN,24.7811,112.3825,66.56,97,100,2.42,light rain
670,Alice Springs,AU,-23.7,133.8833,60.8,63,90,6.91,overcast clouds
671,Edd,ER,13.9297,41.6925,83.16,67,8,4.76,clear sky
672,Broken Hill,AU,-31.95,141.4333,51.8,58,100,6.91,overcast clouds
673,Baikunthpur,IN,23.25,82.55,75.06,31,89,6.4,overcast clouds
674,Judayta,JO,32.4079,35.708,68.0,34,0,3.65,clear sky
675,Hambantota,LK,6.1241,81.1185,77.0,100,40,2.3,scattered clouds
676,Sumbawanga,TZ,-7.9667,31.6167,64.4,94,20,6.91,moderate rain
677,Eskisehir,TR,39.7767,30.5206,57.99,62,75,4.61,broken clouds
678,Usukhchay,RU,41.4225,47.9132,51.8,82,96,6.91,overcast clouds
679,Santa Vitoria Do Palmar,BR,-33.5189,-53.3681,68.36,89,100,3.09,overcast clouds
680,Margate,GB,51.3813,1.3862,46.99,69,20,4.0,few clouds
681,Yeppoon,AU,-23.1333,150.7333,62.6,88,4,4.09,clear sky
682,Porcia,IT,45.96,12.6072,48.99,66,40,3.44,scattered clouds
683,La Union,PE,-5.4,-80.75,85.23,44,70,13.2,broken clouds
684,Placido De Castro,BR,-10.3353,-67.1856,82.98,75,100,2.1,overcast clouds
685,Harper,LR,4.375,-7.7169,81.79,77,85,7.92,overcast clouds
686,Safakulevo,RU,54.9901,62.5442,51.93,69,84,6.13,broken clouds
687,Mandalgovi,MN,45.7625,106.2708,23.65,56,15,11.63,few clouds
688,Sumbe,AO,-11.2061,13.8437,80.51,82,20,7.11,few clouds
689,Puerto Del Rosario,ES,28.5004,-13.8627,69.8,60,40,17.27,scattered clouds
690,Bijie,CN,27.3125,105.2942,50.67,92,100,4.14,overcast clouds
691,Kragujevac,RS,44.0167,20.9167,37.4,81,0,2.3,clear sky
692,Aksarka,RU,66.5606,67.7975,8.04,75,16,17.02,few clouds
693,Mikhaylov,RU,54.2292,39.0186,53.92,76,100,5.23,moderate rain
694,Kismayo,SO,-0.3582,42.5454,83.03,77,85,11.92,overcast clouds
695,Nakhon Phanom,TH,17.3333,104.4167,76.12,79,13,4.54,few clouds
696,Crixas,BR,-14.5489,-49.9692,84.07,64,95,3.87,overcast clouds
697,Brownsville,US,25.9018,-97.4975,84.2,65,90,10.36,overcast clouds
